coeff,TMR,FMR
0.70501708984375,0.699748743718593,0.00628140703517588
0.86639404296875,0.900251256281407,0.033165829145728645
