coeff,TMR,FMR
0.764846533536911,0.900251256281407,0.0
0.8789110481739044,0.95,0.0010050251256281408
