coeff,TMR,FMR
0.8598394393920898,0.9504347826086956,0.0
