coeff,TMR,FMR
1.3956804656982422,0.9504347826086956,0.0
