outer,radius,tmr,fmr
0.425,0.6,0.9,5.844535359438925e-0
0.5,0.6,0.9534190531852718,0.006019871420222092
