coeff,TMR,FMR
0.60491943359375,0.8999415546464056,0.0012857977790765634
0.68304443359375,0.9499707773232028,0.012098188194038574
