coeff,TMR,FMR
0.60150146484375,0.8999415546464056,0.0014026884862653418
0.67901611328125,0.9499707773232028,0.01618936294564582
