coeff,TMR,FMR
0.520503044128418,0.9000584453535944,0.0004091174751607247
0.5811185836791992,0.9500292226767972,0.004500292226767972
