coeff,TMR,FMR
0.7723726332187653,0.9,0.0
0.8562272489070892,0.9500292226767972,0.0
