coeff,TMR,FMR
0.5254364013671875,0.9,0.000233781414377557
0.5869598388671875,0.9499707773232028,0.0029807130333138515
