coeff,TMR,FMR
0.4441070556640625,0.9001753360607831,0.0001168907071887785
0.4951629638671875,0.9500292226767972,0.002104032729398013
