coeff,TMR,FMR
0.7723723948001862,0.9,0.0
0.8562270104885101,0.9500292226767972,0.0
