coeff,TMR,FMR
0.58807373046875,0.8997487437185929,0.001507537688442211
0.66717529296875,0.95,0.010552763819095477
