coeff,TMR,FMR
0.5160064697265625,0.9,0.0
0.5905303955078125,0.95,0.006532663316582915
