coeff,TMR,FMR
0.4400177001953125,0.900251256281407,0.0005025125628140704
0.4962615966796875,0.950251256281407,0.0035175879396984926
