coeff,TMR,FMR
0.5094175338745117,0.900251256281407,0.0
0.5844717025756836,0.95,0.0067839195979899495
