coeff,TMR,FMR
0.58624267578125,0.9005025125628141,0.0022613065326633165
0.66436767578125,0.950251256281407,0.011557788944723618
