coeff,TMR,FMR
0.7648463547229767,0.9,0.0
0.8789108693599701,0.950251256281407,0.0010050251256281408
