coeff,TMR,FMR
0.71441650390625,0.7000584453535944,0.010520163646990065
0.88751220703125,0.9001168907071888,0.05499707773232028
