coeff,TMR,FMR
0.5376129150390625,0.7001168907071887,0.006487434248977206
0.6528167724609375,0.9000584453535944,0.045528930450029224
