coeff,TMR,FMR
0.70892333984375,0.7001753360607832,0.01163062536528346
0.88128662109375,0.9,0.058270017533606076
