coeff,TMR,FMR
0.9488379061222076,0.7,0.005201636469900643
1.1401055455207825,0.9,0.042314436002337814
