coeff,TMR,FMR
0.63787841796875,0.7,0.0004347826086956522
0.79290771484375,0.9,0.005652173913043478
