coeff,TMR,FMR
0.5719842910766602,0.7,0.0013043478260869566
0.6959371566772461,0.9,0.0052173913043478265
