coeff,TMR,FMR
0.4980316162109375,0.7004347826086956,0.0017391304347826088
0.6007537841796875,0.9004347826086957,0.004782608695652174
