coeff,TMR,FMR
0.63092041015625,0.7004347826086956,0.0004347826086956522
0.79022216796875,0.9,0.005652173913043478
