coeff,TMR,FMR
0.9507393538951874,0.7004347826086956,0.0004347826086956522
1.1338091492652893,0.9,0.004347826086956522
