dir,e8_minus_radial,gauss_0_minus_radial,gauss_1_minus_radial,gauss_2_minus_radial
voice_128,2.807354922017348,2.5849625006809003,-4.0255798694488476e-11,-4.0255798694488476e-11
voice_64,4.392317422738504,4.523561956016756,0.9999999999597424,0.9999999999597424
ytf_128,1.37851162325373,1.4514794952469048,0.751653037493746,0.5916571532951647
ytf_64,1.37851162325373,1.4514794952469048,0.751653037493746,0.5916571532951647
vggface2_64,1.026065982652554,1.2195070302928732,0.8001305952896915,0.6511592434226134
