coeff,TMR,FMR
0.51763916015625,0.7,0.0004347826086956522
0.63568115234375,0.9,0.004782608695652174
