coeff,TMR,FMR
0.46811580657958984,0.7004347826086956,0.0004347826086956522
0.5626840591430664,0.9004347826086957,0.003043478260869565
