coeff,TMR,FMR
0.4092864990234375,0.7004347826086956,0.0004347826086956522
0.4922027587890625,0.9,0.0026086956521739132
