coeff,TMR,FMR
0.51422119140625,0.7004347826086956,0.0004347826086956522
0.63372802734375,0.9,0.004782608695652174
