coeff,TMR,FMR
0.9584486186504364,0.7004347826086956,0.0
1.1341344714164734,0.9004347826086957,0.004347826086956522
