coeff,TMR,FMR
result:,0.7711594202898551,0.0006376811594202899
