coeff,TMR,FMR
result:,0.8968451801363194,0.03359493670886076
