coeff,TMR,FMR
result:,0.8912950340798442,0.033106134371957155
