coeff,TMR,FMR
result:,0.9022556390977443,0.017844611528822055
