coeff,TMR,FMR
result:,0.7035923141186299,0.0027234753550543023
