coeff,TMR,FMR
0.70123291015625,0.700251256281407,0.0067839195979899495
0.86431884765625,0.9,0.035678391959798994
