coeff,TMR,FMR
0.5351715087890625,0.700251256281407,0.005527638190954774
0.6410369873046875,0.900251256281407,0.027889447236180906
