coeff,TMR,FMR
0.6206426620483398,0.700251256281407,0.00628140703517588
0.7505922317504883,0.900251256281407,0.028894472361809045
