coeff,TMR,FMR
0.9532476365566254,0.700251256281407,0.003015075376884422
1.1119032502174377,0.9,0.016582914572864323
