coeff,TMR,FMR
0.5375823974609375,0.6999415546464056,0.006487434248977206
0.6528167724609375,0.9001168907071888,0.045528930450029224
