coeff,TMR,FMR
0.6248941421508789,0.7,0.0067212156633547635
0.7636919021606445,0.9,0.04687317358270018
