coeff,TMR,FMR
0.9488380253314972,0.7,0.005201636469900643
1.1401053071022034,0.9,0.042314436002337814
