coeff,TMR,FMR
0.99346923828125,0.9504347826086956,0.0
