coeff,TMR,FMR
0.8760528564453125,0.9504347826086956,0.0
