coeff,TMR,FMR
0.9488380253314972,0.7821811100292113,0.00011100292112950341
