coeff,TMR,FMR
result:,0.7021226874391432,0.005785783836416748
