coeff,TMR,FMR
result:,0.6939824732229796,0.00579746835443038
