coeff,TMR,FMR
result:,0.6932229795520934,0.005610516066212269
