coeff,TMR,FMR
result:,0.7020837390457644,0.005920155793573515
