coeff,TMR,FMR
0.95,0.7781888997078871,9.931840311587147e-05
