coeff,TMR,FMR
result:,0.9050724637681159,0.001565217391304348
