coeff,TMR,FMR
result:,0.9098550724637681,0.0017246376811594203
