coeff,TMR,FMR
result:,0.7137681159420289,1.4492753623188405e-05
