coeff,TMR,FMR
result:,0.7234782608695652,1.4492753623188405e-05
