coeff,TMR,FMR
0.9532476365566254,0.8488721804511278,0.00015873015873015873
