coeff,TMR,FMR
result:,0.7096073517126149,0.002506265664160401
