coeff,TMR,FMR
result:,0.7037593984962406,0.0029072681704260654
