coeff,TMR,FMR
0.9532476365566254,0.8435254803675857,0.0001921470342522974
