coeff,TMR,FMR
result:,0.7299081035923142,0.0022639933166248957
