coeff,TMR,FMR
result:,0.9040100250626566,0.016850459482038428
