coeff,TMR,FMR
result:,0.701921470342523,0.0020467836257309943
