coeff,TMR,FMR
0.95,0.8404344193817878,0.00015037593984962405
