coeff,TMR,FMR
0.95,0.8488721804511278,0.00015873015873015873
